Player,Country,Current IPL team,Age,Playing Role,Matches Played,Batting Total Runs,Batting Highest Score,Batting Average,Batting Strike Rate,Total 4s,Total 6s,Duckouts,50s in IPL,100s in IPl,Bowling maidens,Wickets Taken,Bowling Average,Bowling Economy,Number of 5 wicket hauls,summary
Ruturaj Gaikwad,IND,CSK,26,Batting,36,1207.0,101.0,37.72,130.35,113.0,43.0,4.0,10.0,1.0,,,,,,Ruturaj Dashrat Gaikwad (born 31 January 1997) is an Indian cricketer who plays for the India national cricket team. He is a right-handed top order batter. He captained the Indian team that won the gold medal in the 2022 Asian Games.
Shivam Dube,IND,CSK,29,All rounder,35,688.0,95.0,24.57,133.33,46.0,38.0,1.0,3.0,0.0,0.0,4.0,41.5,9.4,0.0,Shivam Dube (born 25 June 1993) is an Indian international cricketer who plays for Mumbai in domestic cricket and the Chennai Super Kings in the Indian Premier League. He is an all-rounder who bats left-handed and bowls right-arm at medium pace. He made his international debut for the India cricket team in November 2019.
Ambati Rayudu,IND,CSK,37,Batting,188,4190.0,100.0,28.9,127.12,349.0,164.0,14.0,22.0,1.0,,,,,,"Ambati Thirupathi Rayudu (born 23 September 1985) is a former Indian international cricketer, commentator and politician. He played 61 limited overs matches for the India national cricket team between 2013 and 2019. He won the IPL trophy a record six times, being the only player other than Rohit Sharma to achieve this feat."
Devon Conway,NZ,CSK,31,Batting,7,252.0,87.0,42,145.66,22.0,12.0,1.0,3.0,0.0,,,,,,"Devon Philip Conway (born 8 July 1991) is a New Zealand cricketer who plays for the New Zealand cricket team in all formats. In March 2020, the International Cricket Council (ICC) confirmed that Conway, who was born in South Africa, would be eligible to play for New Zealand from 28 August 2020. In May 2020, New Zealand Cricket awarded him a central contract, ahead of the 2020–21 season."
Moeen Ali,ENG,CSK,35,All rounder,44,910.0,93.0,23.33,143.99,76.0,53.0,5.0,5.0,0.0,0.0,24.0,26.12,6.79,0.0,
MS Dhoni,IND,CSK,41,Batting,234,4978.0,84.0,39.2,135.2,346.0,229.0,4.0,24.0,0.0,,,,,,
Ravindra Jadeja,IND,CSK,34,All rounder,210,2502.0,62.0,26.62,127.65,182.0,90.0,8.0,2.0,0.0,2.0,132.0,30.79,7.61,1.0,"Ravindrasinh Anirudhsinh Jadeja (born 6 December 1988) is an Indian cricketer who represents the India national team currently in ODI and Test formats. He is an all-rounder, who bats left-handed and bowls left-arm orthodox spin. He is widely regarded as one of the greatest all-rounders and among the finest fielders of his generation."
Dwaine Pretorius,SA,CSK,33,All rounder,6,44.0,22.0,11,157.14,3.0,3.0,1.0,0.0,0.0,0.0,6.0,35.0,10.0,0.0,"Dwaine Pretorius (born 29 March 1989) is a former South African international cricketer who currently plays in various T20 leagues around the globe and for North West in domestic cricket as a bowling all-rounder. He announced his retirement from international cricket on 9 January 2023.


== Domestic and T20 career ==
He was included in the North West cricket team squad for the 2015 Africa T20 Cup."
Jagadeesan Narayan,IND,CSK,27,Batting,7,73.0,39.0,24.33,110.61,7.0,1.0,1.0,0.0,0.0,,,,,,"Narayan Jagadeesan (born 24 December 1995), colloquially referred to by his close friends and associates  as Jaggi, is an Indian cricketer, who plays for Tamil Nadu in domestic cricket as a wicket-keeper batter.


== Domestic career ==
He made his first-class debut for Tamil Nadu in the 2016–17 Ranji Trophy on 27 October 2016, where he won the player of the match award. He made his Twenty20 debut for Tamil Nadu in the 2016–17 Inter State Twenty-20 Tournament on 30 January 2017."
Dwayne Bravo,WI,CSK,39,All rounder,161,1560.0,70.0,22.61,129.57,121.0,66.0,5.0,5.0,0.0,3.0,183.0,23.83,8.39,0.0,"Dwayne John Bravo (born 7 October 1983) is a Trinidadian retired cricketer, former captain of the West Indies cricket team and the current mentor of Kolkata Knight Riders as well as the head coach of the other teams of the Knight Riders Group, including Trinbago Knight Riders. A right-arm seam bowling all-rounder, Bravo was well known for his aggressive lower-order batting and for his bowling in the final overs of a match. During his prime, he was regarded as one of the best death bowlers in T20 cricket."
Mitchell Santner,NZ,CSK,31,All rounder,12,54.0,22.0,18,108.0,3.0,3.0,0.0,0.0,0.0,0.0,10.0,27.7,6.92,0.0,"Mitchell Josef Santner (born 5 February 1992) is a New Zealand international cricketer and current captain of New Zealand Cricket team in limited overs cricket. Domestically, he plays for Northern Districts cricket team. He is a bowling all-rounder who bats left-handed, and bowls slow left-arm orthodox spin."
Chris Jordan,ENG,CSK,34,All rounder,28,75.0,30.0,9.38,115.38,3.0,3.0,1.0,0.0,0.0,0.0,27.0,30.85,9.32,0.0,
Maheesh Theekshana,SL,CSK,22,Bowling,9,,,,,,,,,,0.0,12.0,21.75,7.45,0.0,"Morawakage Maheesh Theekshana (born 1 August 2000), is a professional Sri Lankan cricketer who plays all three formats of the game for Sri Lanka national cricket team. He made his international debut for Sri Lanka in September 2021. Regarded as one of the best limited overs bowlers in the world, his bowling action resembles that of former Sri Lankan mystery spinner Ajantha Mendis, who coincidentally happened to be his mentor with the Sri Lanka Army Sports Club, whom he has represented in the Sri Lankan domestic game."
Simarjeet Singh,IND,CSK,25,Bowling,6,,,,,,,,,,0.0,4.0,34.5,7.66,0.0,"Simarjeet Singh (born 17 January 1998) is an Indian cricketer who represents Delhi in domestic cricket. He is a right handed batsman and right arm medium pacer.


== Career ==
Simarjeet made his List A debut for Delhi in the 2018–19 Vijay Hazare Trophy on 20 September 2018."
Mukesh Choudhary,IND,CSK,26,Bowling,13,,,,,,,,,,0.0,16.0,26.5,9.31,0.0,"Mukesh Choudhary (born 6 July 1996) is an Indian cricketer who plays for Maharashtra in domestic cricket and for Chennai Super Kings in the Indian Premier League. He made his first-class debut for Maharashtra in the 2017–18 Ranji Trophy on 9 November 2017. He made his List A debut on 7 October 2019, for Maharashtra in the 2019–20 Vijay Hazare Trophy."
Prashant Solanki,IND,CSK,23,Bowling,2,,,,,,,,,,0.0,2.0,19.0,6.33,0.0,"Prashant Solanki (born 22 February 2000) is an Indian cricketer. He made his List A debut on 25 February 2021, for Mumbai in the 2020–21 Vijay Hazare Trophy, taking a five-wicket haul in the match. He made his Twenty20 debut on 9 November 2021, for Mumbai in the 2021–22 Syed Mushtaq Ali Trophy."
Matheesha Pathirana,SL,CSK,20,Bowling,2,,,,,,,,,,0.0,2.0,26.0,7.6,0.0,"Heenatigala Pathiranage Matheesha Anushal Vihanga Pathirana, popularly as Matheesha Pathirana (Sinhala: මතීෂ පතිරණ, [matiːʃə patirəɳə]; Tamil: மதிஷ பத்திரன; born 18 December 2002), is a professional Sri Lankan cricketer who currently plays limited over internationals for the national team. He has been referred to as ""Baby Malinga"", as he has modelled his bowling action after Lasith Malinga.
Prior to his Twenty20 debut, he was part of Sri Lanka's squad for the 2020 Under-19 Cricket World Cup."
Tushar Deshpande,IND,CSK,27,Bowling,7,,,,,,,,,,0.0,4.0,63.75,10.62,0.0,Tushar Deshpande (born 15 May 1995) is an Indian cricketer who has played for Indian national cricket team. He debuted for Indian team in July 2024 against Zimbabwe. He plays for Mumbai in domestic cricket and for Rajasthan Royals in the Indian Premier League.
David Warner,AUS,DC,36,Batting,162,5881.0,126.0,42.01,140.69,578.0,215.0,9.0,55.0,4.0,,,,,,"David Hattersley Warner (29 July 1941 – 24 July 2022) was an English actor. Warner's lanky, often haggard appearance lent itself to a variety of villainous characters, as well as more sympathetic roles, in a career spanning six decades across stage and screen. His accolades include a Primetime Emmy Award and nominations for a BAFTA Award and a Screen Actors Guild Award."
Rishabh Pant,IND,DC,25,Batting,98,2338.0,128.0,34.61,147.97,260.0,129.0,4.0,15.0,1.0,,,,,,Rishabh Rajendra Pant (Hindi: [ɾɪˈʂʌbʰ ɾaː'dʒeːd̪ɾə pʌnt̪]; born 4 October 1997) is an Indian international cricketer who plays for the Indian national team as a wicket-keeper batter. He is currently the vice captain of the Indian cricket team in the Test format. He captains and plays for the Lucknow Super Giants in the Indian Premier League and for Delhi in domestic cricket.
Prithvi Shaw,IND,DC,23,Batting,63,1588.0,99.0,25.21,147.45,192.0,55.0,5.0,12.0,0.0,,,,,,
Mitchell Marsh,AUS,DC,31,All rounder,29,476.0,89.0,22.67,123.32,28.0,28.0,2.0,2.0,0.0,0.0,24.0,21.75,8.01,0.0,"Mitchell Ross Marsh (born 20 October 1991) is an Australian international cricketer who represents Australia in ODIs and captains in T20Is. Marsh previously played Test cricket, and has captained in ODIs and has served as vice captain in all formats. Marsh currently plays for Western Australia for domestic cricket, Perth Scorchers in the Big Bash League and the Lucknow Super Giants in the Indian Premier League."
Rovman Powell,WI,DC,29,Batting,14,250.0,67.0,25,149.7,10.0,22.0,2.0,1.0,0.0,,,,,,"Rovman Powell (born 23 July 1993) is a Jamaican cricketer who plays for the West Indies cricket team and is former captain in Twenty20 Internationals. In December 2018, he captained the West Indies for the first time in a One Day International (ODI) match against Bangladesh. Domestically, he has played for Jamaica, the Combined Campuses and Colleges, and the Jamaica Tallawahs."
Axar Patel,IND,DC,29,All rounder,122,1135.0,44.0,19.24,128.83,67.0,54.0,6.0,0.0,0.0,2.0,101.0,30.52,7.25,0.0,
Lalit Yadav,IND,DC,26,All rounder,19,229.0,48.0,25.44,104.57,18.0,7.0,1.0,0.0,0.0,0.0,8.0,31.38,7.84,0.0,
Shardul Thakur,IND,DC,31,All rounder,75,173.0,29.0,10.81,129.1,12.0,8.0,5.0,0.0,0.0,3.0,82.0,28.54,9.06,0.0,Shardul Narendra Thakur (born 16 October 1991) is an Indian international cricketer who plays for Mumbai in domestic cricket and has previously appeared for several Indian Premier League teams. He bats right-handed and bowls right arm medium pace. He was a part of the Indian squad which won the 2018 Asia Cup and the 2023 Asia Cup.
Sarfaraz Khan,IND,DC,25,Batting,46,532.0,67.0,24.18,137.82,59.0,13.0,3.0,1.0,0.0,,,,,,"Sarfaraz Naushad Khan (Hindi: [sʌɾfʌˈɾaːz ˈxaːn]; born 22 October 1997) is an Indian international cricketer who represents the Indian national cricket team in Test cricket. He plays for Mumbai in domestic cricket and has also represented Delhi Capitals, Punjab Kings, and Royal Challengers Bangalore in the Indian Premier League. Sarfaraz represented India in the ICC U19 Cricket World Cup in 2014 and 2016."
Kuldeep Yadav,IND,DC,28,Bowling,59,,,,,,,,,,0.0,61.0,27.13,8.32,0.0,"Kuldeep Yadav (born 14 December 1994) is an Indian international cricketer. A left-arm unorthodox spinner, he plays for Uttar Pradesh in domestic cricket and Delhi Capitals in the Indian Premier League. He was an integral member of the Indian team that won the 2024 T20 World Cup and the 2025 Champions Trophy."
Mandeep Singh,IND,DC,31,Batting,108,1692.0,77.0,21.42,123.32,176.0,37.0,14.0,6.0,0.0,,,,,,"Mandeep Singh (born 18 December 1991) is an Indian cricketer. He plays for Punjab in the top-flight of Indian cricket. Ahead of India's 2024-25 domestic season, he moved to Tripura."
Srikar Bharat,IND,DC,29,Batting,10,199.0,78.0,28.43,122.09,12.0,8.0,1.0,1.0,0.0,,,,,,"Kona Srikar Bharat (born 3 October 1993) is an Indian international cricketer who plays as a wicket-keeper batsman for the Indian cricket team and Andhra in domestic cricket. In February 2023, he made his Test debut for India against Australia. In February 2015, he became the first wicket-keeper batsman to score a triple hundred in the Ranji Trophy."
Ripal Patel,IND,DC,27,All rounder,4,31.0,18.0,15.5,103.33,3.0,1.0,0.0,0.0,0.0,0.0,0.0,0.0,7.33,0.0,"Ripal Vinubhai Patel (born 28 September 1995) is an Indian cricketer. He made his List A debut on 24 September 2019, for Gujarat in the 2019–20 Vijay Hazare Trophy. He made his Twenty20 debut on 11 November 2019, for Gujarat in the 2019–20 Syed Mushtaq Ali Trophy."
Mustafizur Rahman,BAN,DC,27,Bowling,46,,,,,,,,,,1.0,46.0,29.67,7.8,0.0,"Mustafizur Rahman (Bengali: মুস্তাফিজুর রহমান; born 6 September 1995) is a Bangladeshi international cricketer. A left-arm fast-medium bowler, he is recognized for his most prolific 'slower cutters' all over the world. He has taken more wickets in the death overs of Twenty20 Internationals than any other bowler."
Anrich Nortje,SA,DC,29,Bowling,30,,,,,,,,,,1.0,43.0,21.3,8.06,0.0,"Anrich Arno Nortje (born 16 November 1993) is a South African cricketer. He made his international debut for the South Africa cricket team in March 2019. In July 2020, Nortje was named the newcomer of the year at Cricket South Africa's annual awards ceremony."
Khaleel Ahmed,IND,DC,25,Bowling,34,,,,,,,,,,0.0,48.0,22.94,8.49,0.0,Khaleel Khursheed Ahmed (Hindi: [xʌˈliːl xuːɾˈʃiːd̪ ˈɛɦmʌd̪]; born 5 December 1997) is an Indian international cricketer. He made his debut for Indian cricket team in September 2018. He plays for Rajasthan in domestic cricket and currently for Chennai Super Kings in the Indian Premier League.
Chetan Sakariya,IND,DC,25,Bowling,17,,,,,,,,,,1.0,17.0,30.0,8.1,0.0,"Chetan Sakariya (born 28 February 1998) is an Indian international cricketer who has played for Indian cricket team,  and currently plays for Saurashtra in domestic cricket. He made his international debut for the India cricket team in July 2021.


== Early and personal life ==
Sakariya hails from a village called Vartej located 15 km from Bhavnagar in the state of Gujarat."
Hardik Pandya,IND,GT,29,All rounder,107,1963.0,91.0,30.2,147.59,146.0,110.0,5.0,8.0,0.0,0.0,50.0,30.7,8.75,0.0,Hardik Himanshu Pandya (born 11 October 1993) is an Indian international cricketer who plays for the Indian cricket team. He is an all-rounder who is a right-handed middle order batsman and fast-medium bowler. He is considered one of the best all-rounders in the world in white-ball cricket.
Shubman Gill,IND,GT,23,Batting,74,1900.0,96.0,32.2,125.25,188.0,47.0,3.0,14.0,0.0,,,,,,
David Miller,SA,GT,33,Batting,105,2455.0,101.0,36.64,137.69,169.0,113.0,3.0,12.0,1.0,,,,,,
Wriddhiman Saha,IND,GT,38,Batting,144,2427.0,115.0,25.28,127.87,231.0,76.0,5.0,11.0,1.0,,,,,,Wriddhiman Saha (born 24 October 1984) is a former Indian cricketer who played for the national cricket team. He is the former first-class wicket-keeper of Bengal cricket team in domestic cricket and Gujarat Titans in the Indian Premier League. He was the first cricketer to score a century in an Indian Premier League final.
Rahul Tewatia,IND,GT,29,All rounder,64,738.0,53.0,25.45,130.39,57.0,35.0,0.0,1.0,0.0,0.0,32.0,34.25,7.92,0.0,Rahul Tewatia (born 20 May 1993) is an Indian cricketer who plays for Haryana in the domestic cricket and Gujarat Titans in Indian Premier League (IPL). He is an all-rounder who bats left handed and bowls right-arm leg spin. He received his maiden international call up to India's squad for their home T20I series against England in 2021.
Matthew Wade,AUS,GT,35,Batting,13,179.0,35.0,13.77,104.68,23.0,2.0,0.0,0.0,0.0,,,,,,
Sai Sudharsan,IND,GT,21,Batting,5,145.0,65.0,36.25,127.19,14.0,3.0,0.0,1.0,0.0,,,,,,
Abhinav Manohar,IND,GT,28,Batting,8,108.0,43.0,18,144.0,14.0,3.0,1.0,0.0,0.0,,,,,,"Abhinav Manohar Sadarangani (born 16 September 1994) is an Indian cricketer. He made his Twenty20 debut on 16 November 2021, for Karnataka in the preliminary quarter-finals of the 2021–22 Syed Mushtaq Ali Trophy, where he top-scored in the match with 70 not out. He made his List A debut on 19 December 2021, also for Karnataka, in the preliminary quarter-finals of the 2021–22 Vijay Hazare Trophy."
Rashid Khan,AFG,GT,24,All rounder,92,313.0,40.0,11.18,151.94,20.0,22.0,12.0,0.0,0.0,4.0,112.0,20.83,6.38,0.0,"Rashid Khan Arman (Pashto: راشد خان ارمان; born 20 September 1998) is an Afghan international cricketer and captain of the Afghanistan national team in the T20I format. In franchise leagues, he plays for Gujarat Titans in the Indian Premier League (IPL), Adelaide Strikers in Australia's Big Bash League (BBL), Lahore Qalandars in the Pakistan Super League (PSL), Band-e-Amir Dragons in Afghanistan's Shpageeza Cricket League and MI New York in Major League Cricket (MLC). He bowls right-arm leg spin and is an aggressive right-handed batsman."
Vijay Shankar,IND,GT,32,All rounder,51,731.0,63.0,23.58,122.04,46.0,28.0,2.0,3.0,0.0,0.0,9.0,38.22,8.67,0.0,"Vijay Shankar (born 26 January 1991) is an Indian cricketer who plays for the Tamil Nadu state cricket team. He is an all-rounder who bats right-handed and bowls right-arm medium pace. He played for India in 2019 Cricket World Cup, where he became the first Indian to pick up a wicket on the first ball of his World Cup debut."
Lockie Ferguson,NZ,GT,31,Bowling,35,,,,,,,,,,1.0,36.0,29.86,8.43,0.0,
Alzarri Joseph,WI,GT,26,Bowling,12,,,,,,,,,,1.0,13.0,27.0,9.08,1.0,"Alzarri Shaheim Joseph (born 20 November 1996) is an Antiguan cricketer who plays for the West Indies in Tests, ODIs and T20Is. A right-arm fast bowler, he plays for Leeward Islands and the St Kitts and Nevis Patriots in West Indian domestic cricket. He also played for Royal Challengers Bengaluru in the Indian Premier League."
Pradeep Sangwan,IND,GT,32,Bowling,42,,,,,,,,,,1.0,38.0,32.63,8.69,0.0,"Pradeep Sangwan (born 5 November 1990) is an Indian cricketer, who represents Delhi in first-class cricket. He completed his schooling at Ravindra Public School in Delhi.


== Career ==
Sangwan is a left-arm medium pace bowler."
Mohammad Shami,IND,GT,32,Bowling,93,,,,,,,,,,1.0,99.0,29.19,8.52,0.0,
Yash Dayal,IND,GT,25,Bowling,9,,,,,,,,,,0.0,11.0,26.9,9.25,0.0,"Yash Dayal (born 13 December 1997) is an Indian cricketer who represents Uttar Pradesh in domestic cricket and Royal Challengers Bengaluru in Indian Premier League. He is a left arm fast-medium bowler. 


== Career ==
He made his List A debut for Uttar Pradesh in the 2018–19 Vijay Hazare Trophy on 21 September 2018."
Sai Kishore,IND,GT,26,Bowling,5,,,,,,,,,,0.0,6.0,20.16,7.56,0.0,"Ravisrinivasan Sai Kishore (born 6 November 1996) is an Indian cricketer who plays for Tamil Nadu in domestic cricket and Gujarat Titans in the IPL. He is primarily a left-arm orthodox bowler, and also bats left-handed. He made his T20I debut for India on 3 October 2023 in the Asian Games.


== Domestic career ==
He made his List A debut for Tamil Nadu in the 2016–17 Vijay Hazare Trophy on 12 March 2017."
Varun Aaron,IND,GT,33,Bowling,52,,,,,,,,,,2.0,44.0,33.66,8.94,0.0,"Varun Raymond Aaron (born 29 October 1989) is an Indian former cricketer from Jamshedpur. A right-arm fast bowler, he first played for Jharkhand U-19 followed by Jharkhand Ranji team. He played his first One Day International (ODI) for India in October 2011 and made his Test debut the following month."
Darshan Nalkande,IND,GT,24,Bowling,2,,,,,,,,,,0.0,2.0,29.5,11.41,0.0,Darshan Nalkande (born 4 October 1998) is an Indian cricketer. He made his List A debut for Vidarbha in the 2018–19 Vijay Hazare Trophy on 2 October 2018. He made his first-class debut for Vidarbha in the 2018–19 Ranji Trophy on 1 November 2018.
Shreyas Iyer,IND,KKR,28,Batting,101,2776.0,96.0,31.55,125.38,237.0,99.0,5.0,19.0,0.0,,,,,,Shreyas Santosh Iyer (born 6 December 1994) is an Indian international cricketer who plays for the Indian team as a right-handed middle-order batter. He is currently the vice captain of the Indian cricket team in the ODI format. He also plays for Mumbai in domestic cricket and captains the Punjab Kings in the Indian Premier League.
Nitish Rana,IND,KKR,29,Batting,91,2181.0,87.0,27.96,134.22,190.0,111.0,7.0,15.0,0.0,,,,,,"Nitish Rana (born 27 December 1993) is an Indian cricketer who represented the national team in One Day International and Twenty20 International cricket in 2021. He is a left-handed batsman and an off spin bowler. Rana currently captains the Uttar Pradesh cricket team in domestic cricket, having previously played for Delhi."
Andre Russell,WI,KKR,34,All rounder,98,2035.0,88.0,30.37,177.88,137.0,175.0,4.0,10.0,0.0,0.0,89.0,24.48,9.14,1.0,"Andre Dwayne Russell (born 29 April 1988), nicknamed Dre Russ, is a Jamaican former international cricketer who has played international cricket for the  West Indies and for Jamaica in domestic cricket as an all-rounder. He currently plays in various T20 leagues around the world and periodically represented the West Indies in T20is. Russell was part of the 2012 and 2016 ICC World T20 winning West Indies teams."
Venkatesh Iyer,IND,KKR,28,All rounder,22,552.0,67.0,27.6,120.79,54.0,21.0,1.0,5.0,0.0,0.0,3.0,38.33,9.2,0.0,"Venkatesh Rajasekaran Iyer (born 25 December 1994) is an Indian cricketer who plays for Madhya Pradesh in domestic cricket and Kolkata Knight Riders in the Indian Premier League (IPL).


== Domestic career ==
Iyer made his Twenty20 debut against Railways cricket team at Holkar Stadium in March 2015 and made his List A debut against Saurashtra cricket team at Saurashtra Cricket Association Stadium in December of the same year, while he was pursuing a Bachelor of Commerce degree. After passing the CA Intermediate examinations, he decided to dropout and enroll himself in a Master of Business Administration in finance to allow him to pursue cricket further."
Rinku Singh,IND,KKR,25,Batting,17,251.0,42.0,20.92,130.05,23.0,9.0,0.0,0.0,0.0,,,,,,"Rinku Singh Rajput (born 8 August 1988) is an Indian former professional wrestler and former professional baseball player. As a professional wrestler, he is best known for his tenure in WWE, where he performed under the ring names Rinku (shortened from his complete name) and Veer Mahaan (or simply Veer). 
Singh was signed by the Pittsburgh Pirates organisation after winning a pitching contest on a 2008 reality television show The Million Dollar Arm."
Sam Billings,ENG,KKR,31,Batting,30,503.0,56.0,19.35,129.64,40.0,20.0,3.0,3.0,0.0,,,,,,
Ajinkya Rahane,IND,KKR,34,Batting,158,4074.0,105.0,30.86,120.68,431.0,80.0,13.0,28.0,2.0,,,,,,Ajinkya Rahane (born 6 June 1988) is an Indian cricketer and former captain and vice-captain of the Indian cricket team. He currently captains Mumbai in the Ranji Trophy. He was a former captain of Kolkata Knight Riders in the Indian Premier League.
Sunil Narine,WI,KKR,34,All rounder,148,1025.0,75.0,14.86,162.7,112.0,63.0,12.0,4.0,0.0,4.0,152.0,25.13,6.63,1.0,
Pat Cummins,AUS,KKR,29,All rounder,42,379.0,66.0,18.95,152.21,24.0,26.0,4.0,3.0,0.0,1.0,45.0,30.16,8.54,0.0,
Umesh Yadav,IND,KKR,35,Bowling,133,3.0,21.0,13.75,40.0,4.0,4.0,,,,5.0,135.0,29.02,8.37,0.0,Umeshkumar Tilak Yadav (born 25 October 1987) is an Indian cricketer who represented the Indian cricket team. He currently plays for Vidarbha in domestic cricket. He played 57 test matches for India and his fast-bowling contributed of India winning test matches particularly at home.
Tim Seifert,NZ,KKR,28,Batting,3,26.0,21.0,8.67,113.04,4.0,0.0,0.0,0.0,0.0,,,,,,"Tim Seifert (born 14 December 1994) is a New Zealand international cricketer. He was part of New Zealand's squad for the 2014 ICC Under-19 Cricket World Cup, and made his international debut for the New Zealand cricket team in February 2018.


== Domestic and T20 franchise career ==


=== New Zealand domestic ===
In December 2017,  Seifert scored the fastest century in a domestic Twenty20 match in New Zealand, batting for Northern Districts against Auckland in the 2017–18 Super Smash."
Sheldon Jackson,IND,KKR,36,Batting,9,61.0,16.0,10.17,107.02,5.0,1.0,1.0,0.0,0.0,,,,,,"Sheldon Jackson (May 18, 1834 – May 2, 1909) was a Presbyterian minister, missionary, and political leader. During this career he travelled about one million  miles (1.6 million km) and established more than one hundred missions and churches, mostly in the Western United States. He performed extensive missionary work in Colorado and the Alaska Territory, including his efforts to suppress Native American languages."
B Indrajith,IND,KKR,28,Batting,3,21.0,15.0,7,70.0,2.0,0.0,1.0,0.0,0.0,,,,,,Poornima Indrajith (née Poornima Mohan) is an Indian actress and film producer who works predominantly in Malayalam films. She debuted as child artist with the Malayalam film Onnu Muthal Poojaym Vare in 1986. Her last film before marriage was Dany in 2001.
Varun Chakaravarthy,IND,KKR,31,Bowling,42,,,-,,,,,,,0.0,42.0,27.88,7.23,1.0,Varun Chakravarthy Vinod (born 29 August 1991) is an Indian international cricketer who plays for India as a leg spin bowler. He made his T20I debut in July 2021 and ODI debut in February 2025. He plays for Tamil Nadu in domestic cricket and Kolkata Knight Riders in the Indian Premier League.
Rasikh Salam,IND,KKR,22,Bowling,3,,,,,,,,,,0.0,0.0,0.0,8.75,0.0,"Rasikh Salam Dar (born 5 April 2000) is an Indian cricketer who used to play  for Jammu and Kashmir now plays for Baroda in domestic cricket and Royal Challengers Bengaluru in the Indian Premier League. In December 2018, he was bought by the Mumbai Indians in the player auction for the 2019 Indian Premier League. He became the third cricketer from Jammu and Kashmir to be picked in the Indian Premier League."
Abhijeet Tomar,IND,KKR,28,Batting,1,4.0,4.0,4,50.0,1.0,0.0,0.0,0.0,0.0,,,,,,"Abhijeet Tomar (born 14 March 1995) is an Indian cricketer from Jaipur, Rajasthan. He made his Twenty20 debut for Rajasthan in the 2017–18 Zonal T20 League on 8 January 2018. He made his List A debut for Rajasthan in the 2018–19 Vijay Hazare Trophy on 1 October 2018."
Shivam Mavi,IND,KKR,24,All rounder,32,51.0,20.0,5.67,91.07,4.0,2.0,3.0,0.0,0.0,2.0,30.0,31.4,8.71,0.0,"Shivam Pankaj Mavi (born 26 November 1998) is an Indian international cricketer, who is a right-arm fast-medium bowler. He made his international debut for the Indian cricket team in January 2023.


== Domestic and T20 franchise career ==
In January 2018, he was bought by the Kolkata Knight Riders in the 2018 IPL auction."
Harshit Rana,IND,KKR,21,Bowling,2,,,,,,,,,,0.0,1.0,51.0,10.2,0.0,Harshit Pradeep Rana (Hindi: [hʌɾˈʃɪt̪ ɾaːɳaː]; born 22 December 2001) is an Indian international cricketer. He plays for Delhi in domestic cricket and Kolkata Knight Riders in the Indian Premier League. Rana was a member of the Indian squad which won the 2025 ICC Champions Trophy and the 2025 Asia Cup.
Tim Southee,NZ,KKR,34,Bowling,52,,,,,,,,,,2.0,45.0,36.96,8.53,0.0,
Anukul Roy,IND,KKR,24,Bowling,3,,,,,,,,,,0.0,2.0,33.0,7.33,0.0,"Anukul Sudhakar Roy (born 30 November 1998) is an Indian cricketer who plays for Jharkhand and Kolkata Knight Riders. In December 2017, he was named in India's squad for the 2018 Under-19 Cricket World Cup. He was the joint highest wicket taker in the Under-19 Cricket World Cup."
K L Rahul,IND,LSG,30,Batting,109,3889.0,132.0,48.01,136.22,327.0,164.0,4.0,31.0,4.0,,,,,,
Quinton De Kock,SA,LSG,30,Batting,92,2764.0,140.0,32.14,133.91,277.0,106.0,3.0,19.0,2.0,,,,,,Quinton de Kock (born 17 December 1992) is a South African international cricketer and former captain of the South Africa national team in all three formats. He currently plays for Titans at the domestic level and for South Africa in white ball cricket. He was named the Cricketer of the Year at Cricket South Africa's 2017 Annual Awards.
Deepak Hooda,IND,LSG,27,All rounder,95,1236.0,64.0,20.26,132.05,77.0,56.0,3.0,7.0,0.0,0.0,10.0,50.1,8.61,0.0,"Deepak Jagbir Hooda (born 19 April 1995) is an Indian international cricketer who has represented his country in One Day International and Twenty20 International cricket. Domestically he plays for Rajasthan and has appeared in the Indian Premier League for several teams, most recently Chennai Super Kings. He is an all-rounder who bats right-handed and bowls right-arm off break."
Krunal Pandya,IND,LSG,31,All rounder,98,1326.0,86.0,22.1,136.7,121.0,50.0,3.0,1.0,0.0,1.0,61.0,33.41,7.31,0.0,Krunal Himanshu Pandya (born 24 March 1991) is an Indian cricketer who plays for Baroda in domestic cricket and Royal Challengers Bengaluru in the Indian Premier League (IPL). He is an all-rounder who bats left-handed and bowls slow left-arm orthodox. He made his T20I debut for India in November 2018.
Ayush Badoni,IND,LSG,23,All rounder,13,161.0,54.0,20.12,123.85,11.0,7.0,1.0,1.0,0.0,0.0,2.0,5.5,5.5,0.0,"Ayush Badoni (born 3 December 1999) is an Indian cricketer who plays for Delhi and Indian Premier League side Lucknow Super Giants. He made his Twenty20 debut on 11 January 2021, for Delhi in the 2020–21 Syed Mushtaq Ali Trophy.
In February 2022, Badoni was bought by Lucknow Super Giants in the auction for the 2022 Indian Premier League."
Marcus Stoinis,AUS,LSG,33,All rounder,67,1070.0,65.0,26.1,137.36,83.0,48.0,6.0,4.0,0.0,0.0,34.0,30.82,9.61,0.0,"Marcus Peter Stoinis (born 16 August 1989) is an Australian international cricketer who represents the Australia national cricket team in Twenty20 International cricket. He is a right-handed batting all-rounder who bowls right-arm medium. Domestically, Stoinis captained Melbourne Stars in the 2024–25 Big Bash League and has played Sheffield Shield cricket for Western Australia and Victoria."
Manish Pandey,IND,LSG,33,Batting,160,3648.0,114.0,29.9,121.52,317.0,105.0,12.0,21.0,1.0,,,,,,"Manish Krishnanand Pandey (Hindi: [mʌˈniːʃ ˈpaːɳɖeː]; born 10 September 1989) is an Indian cricketer. He is a right-handed top-order batsman representing, Karnataka in domestic cricket and Kolkata Knight Riders in the Indian Premier League (IPL). He became the first Indian player to score a century in the IPL in the 2009 Indian Premier League, playing for his former team Royal Challengers Bengaluru."
Evin Lewis,WI,LSG,31,Batting,27,654.0,65.0,27.25,137.11,62.0,36.0,2.0,4.0,0.0,,,,,,
Jason Holder,WI,LSG,31,All rounder,38,247.0,47.0,13,124.12,13.0,17.0,1.0,0.0,0.0,0.0,49.0,24.02,8.57,0.0,"Jason Omar Holder (born 5 November 1991) is a Barbadian cricketer and the former captain of the West Indies cricket team. He is a right arm medium-fast bowling all-rounder who features in all three cricketing formats. In January 2019, he was ranked as the no."
Dushmantha Chameera,SL,LSG,31,Bowling,12,,,,,,,,,,0.0,9.0,42.66,8.72,0.0,"Pathira Vasan Dushmantha Chameera (born 12 January 1992), is a professional Sri Lankan cricketer who plays for all three formats for the national team, He is a Right-arm fast bowler and also a handy lower order batsman. He plays cricket domestically for Nondescripts Cricket Club. He made his international debut for Sri Lanka in January 2015."
Mohsin Khan,IND,LSG,24,Bowling,9,,,,,,,,,,2.0,14.0,14.07,5.96,0.0,
Avesh Khan,IND,LSG,26,Bowling,38,,,,,,,,,,1.0,47.0,24.79,8.4,0.0,"Avesh Khan (born 13 December 1996) is an Indian international cricketer. He made his international debut in February 2022 against West Indies and was part of India's squad for the 2016 U19 World Cup. A right-arm fast-medium bowler, he is known for bowling at speeds of around 145 km/h, with a recorded maximum of 149 km/h."
Manan Vohra,IND,LSG,29,Batting,55,1073.0,95.0,22.35,131.17,103.0,43.0,3.0,3.0,0.0,,,,,,"Manan Vohra (born 18 July 1993) is an Indian cricketer. He has previously played for the India Under-19 cricket team and most recently has played in the Indian Premier League.


== Early life ==

Manan is the son of Sanjeev Vohra, and the grandson of former Indian hockey player Y.P Singh, who is now the general secretary of Chandigarh Hockey Association."
Karan Sharma,IND,LSG,24,All rounder,1,4.0,4.0,4,100.0,1.0,0.0,0.0,0.0,0.0,,,,,,Karan Sharma is an Indian television actor. He played Karan Modi in the show Ekk Nayi Pehchaan on Sony TV. He is known for playing Vivaan Oswal in the Colors TV television show Sasural Simar Ka 2. He recently played the role of Murtazim Siddiqui in Udaariyaan.
Ravi Bishnoi,IND,LSG,22,Bowling,37,,,,,,,,,,1.0,37.0,28.7,7.53,0.0,Ravi Bishnoi (born 5 September 2000) is an Indian international cricketer. He plays for the Indian national team in white ball cricket. He is a right-arm leg-break bowler.
Krishnappa Gowtham,IND,LSG,34,All rounder,28,186.0,33.0,13.29,167.57,13.0,12.0,2.0,0.0,0.0,1.0,18.0,36.72,8.26,0.0,Krishnappa Gowtham  (born 20 October 1988) is an Indian cricketer who played for Karnataka. He made his international debut for India in July 2021. His father M. Krishnappa represented Karnataka in kabaddi.
Andrew Tye,AUS,LSG,36,Bowling,30,,,,,,,,,,0.0,42.0,23.31,8.59,1.0,Andrew James Tye (born 12 December 1986) is an Australian cricketer who plays One Day Internationals (ODIs) and Twenty20 Internationals (T20Is) for the Australian national cricket team. At the domestic level he plays for Western Australia and Perth Scorchers. He is most famous for his use of the knuckle ball and wide variation of pace.
Ishan Kishan,IND,MI,24,Batting,75,1870.0,99.0,29.22,132.34,166.0,85.0,6.0,12.0,0.0,,,,,,Ishan Pranav Kumar Pandey Kishan (born 18 July 1998) is an Indian cricketer who plays for the Indian national cricket team as a wicket-keeper batsman. He made his international debut in March 2021 against England. He plays for Jharkhand in domestic cricket.
Tilak Varma,IND,MI,20,Batting,14,397.0,61.0,36.09,131.02,29.0,16.0,1.0,2.0,0.0,,,,,,"Namboori Thakur Tilak Varma (Telugu: [t̪ilak vaɾmaː]; born 8 November 2002) is an Indian international cricketer who plays as a left-handed batsman and part-time off spin bowler. He represents Hyderabad in domestic cricket and Mumbai Indians in the Indian Premier League.


== Early life ==
Tilak Varma was born in Kukatpally neighbourhood of Hyderabad, on 8 November 2002 into a Telugu family."
Suryakumar Yadav,IND,MI,32,Batting,123,2644.0,82.0,30.05,136.78,284.0,84.0,6.0,16.0,0.0,,,,,,
Rohit Sharma,IND,MI,35,Batting,227,5879.0,109.0,30.3,129.89,519.0,240.0,14.0,40.0,1.0,,,,,,Rohit Gurunath Sharma (born 30 April 1987) is an Indian international cricketer and the former captain of the Indian national cricket team. He is a right-handed batsman who plays for Mumbai Indians in Indian Premier League and for Mumbai in domestic cricket. In the year 2024 and 2025 he announced his retirement from T20Is and Test Cricket.
Tim David,AUS,MI,27,All rounder,9,187.0,46.0,31.17,210.11,12.0,16.0,0.0,0.0,0.0,,,,,,
Dewald Brevis,SA,MI,19,All rounder,7,161.0,49.0,23,142.48,14.0,11.0,0.0,0.0,0.0,0.0,1.0,8.0,0.0,0.0,Dewald Tobias Brevis  (born 29 April 2003) is a South African cricketer. He plays for the Titans in domestic cricket and Chennai Super Kings in the Indian Premier League. He is a right handed batsmen and occasionally bowls leg spin.
Jaydev Unadkat,IND,MI,31,Bowling,91,,,,,,,,,,3.0,91.0,30.53,8.79,2.0,Jaydev Dipakbhai Unadkat (born 18 October 1991) is an Indian professional cricketer who has played for the Indian national team. He plays for Saurashtra and Sussex in domestic cricket. He represented India in the Under-19 Cricket World Cup in 2010.
Ramandeep Singh,IND,MI,25,Batting,5,45.0,14.0,22.5,112.5,3.0,1.0,0.0,0.0,0.0,,6.0,9.0,9.0,0.0,Ramandeep Singh (born 13 April 1997) is an Indian cricketer who plays for Punjab in domestic cricket and Kolkata Knight Riders in the Indian Premier League. Ramandeep has won the Indian Premier League playing for Kolkata Knight Riders in 2024. He has worked as a seam bowling all-rounder who is a hard-hitting middle order batsman and an electrifying fielder as well.
Hrithik Shokeen,IND,MI,22,All rounder,5,43.0,25.0,21.5,89.58,5.0,0.0,0.0,0.0,0.0,0.0,2.0,63.5,8.46,0.0,"Hrithik Shokeen (born 14 August 2000) is an Indian cricketer who plays for Delhi in domestic cricket and has played for the Mumbai Indians in the Indian Premier League.
He completed his schooling from Modern School (New Delhi). In November 2019, he was named in India U23's squad for the 2019 ACC Emerging Teams Asia Cup in Bangladesh."
Daniel Sams,AUS,MI,30,All rounder,16,44.0,15.0,4.89,100.0,1.0,3.0,3.0,0.0,0.0,0.0,14.0,37.36,8.72,0.0,"Daniel Richard Sams (born 27 October 1992) is an Australian international cricketer. Nicknamed ""the Karate Kid"", he made his international debut for the Australia cricket team in December 2020.


== Career ==
Sams made his first-class cricket debut for New Zealand side Canterbury in the 2017–18 Plunket Shield season on 30 October 2017."
Sherfane Rutherford,WI,MI,24,All rounder,10,106.0,28.0,15.14,101.92,3.0,8.0,0.0,0.0,0.0,0.0,1.0,59.0,8.63,0.0,"Sherfane Eviston Rutherford (born 15 August 1998) is a Guyanese cricketer. He made his Twenty20 International debut for the West Indies against Bangladesh on 22 December 2018 and his One Day International debut in December 2023 against England.


== Domestic and T20 career ==
Rutherford made his first-class debut for Guyana in the 2016–17 Regional Four-Day Competition on 15 April 2017."
Anmolpreet Singh,IND,MI,24,Batting,3,29.0,16.0,9.67,107.41,3.0,1.0,0.0,0.0,0.0,,,,,,"Anmolpreet Singh (born 28 March 1998) is an Indian professional cricketer who plays for Punjab. He has made appearances in the Indian Premier League for Mumbai Indians and Sunrisers Hyderabad.


== Early life ==
Singh was born on 28 March 1998, in Patiala."
Murugan Ashwin,IND,MI,32,Bowling,42,,,,,,,,,,0.0,35.0,31.69,7.87,0.0,"Murugan Ashwin (born 8 September 1990) is an Indian cricketer who plays for Chandigarh having previously represented Tamil Nadu.


== Domestic career ==
Ashwin made his List A debut on 11 December 2015 in the 2015–16 Vijay Hazare Trophy. He made his Twenty20 debut on 2 January 2016 in the 2015–16 Syed Mushtaq Ali Trophy."
Fabian Allen,WI,MI,27,All rounder,5,14.0,8.0,7,73.68,1.0,0.0,0.0,0.0,0.0,1.0,2.0,68.0,9.07,0.0,"Fabian Allen (born 7 May 1995) is a Jamaican cricketer. He made his first-class debut for Jamaica in the 2016–17 Regional Four Day Competition on 25 November 2016. Prior to his first-class debut, he was part of the West Indies squad for the 2014 Under-19 Cricket World Cup."
Kumar Kartikeya Singh,IND,MI,25,All rounder,4,3.0,3.0,3,60.0,0.0,0.0,0.0,0.0,0.0,0.0,5.0,20.4,7.84,0.0,"Kumar Kartikeya Singh (born 26 December 1997) is an Indian cricketer who represents Madhya Pradesh in domestic cricket and previously appeared for the Mumbai Indians in the Indian Premier League (IPL).
He made his List A debut for Madhya Pradesh in the 2018–19 Vijay Hazare Trophy on 26 September 2018. Subsequently, he made his first-class debut for Madhya Pradesh in the 2018–19 Ranji Trophy on 28 November 2018."
Tristan Stubbs,SA,MI,22,Batting,2,2.0,2.0,1,50.0,0.0,0.0,1.0,0.0,0.0,,,,,,"Tristan Stubbs (born 14 August 2000) is a South African cricketer renowned for his aggressive batting style and versatility on the field. A right-handed batsman and occasional right-arm off-break bowler, Stubbs has made significant strides in both domestic and international cricket.  Stubbs was a member of the South African team which won the 2025 ICC World Test Championship final, the second ICC title the country has won till date."
Jasprit Bumrah,IND,MI,29,Bowling,120,,,,,,,,,,7.0,145.0,23.31,7.4,1.0,"Jasprit Jasbirsingh Bumrah (Punjabi: [dʒəsˈpɾiːt̪ bʊmˈɾaː]; born 6 December 1993) is an Indian cricketer who plays for the India national team in all formats of the game and has captained India in Tests and T20Is. He is widely regarded as one of the world's best active all-format pace bowlers, and one of the best fast bowlers ever. Bumrah plays for Gujarat in domestic cricket and for Mumbai Indians in the Indian Premier League."
Riley Meredith,AUS,MI,26,Bowling,13,,,,,,,,,,0.0,12.0,33.75,9.0,0.0,Riley Patrick Meredith (born 21 June 1996) is an Australian cricketer. He made his international debut for the Australia cricket team in March 2021. He currently plays for Tasmania and Hobart Hurricanes.
Tymal Mills,ENG,MI,30,Bowling,10,,,,,,,,,,0.0,11.0,31.18,9.85,0.0,"Tymal Solomon Mills (born 12 August 1992) is an English international cricketer who currently plays internationally for England and domestically for Sussex. He is a left-arm fast bowler and a right-handed batsman who plays mainly as a bowler. He made his international debut for England in July 2016, and was a member of the English team that won the 2022 T20 World Cup."
Basil Thampi,IND,MI,29,Bowling,25,,,,,,,,,,1.0,22.0,38.45,9.74,0.0,"Basil Thampi (born 11 September 1993) is an Indian cricketer who represents Kerala in the domestic cricket. He is a right-handed batsman and right-arm fast-medium pacer. He made his IPL debut for Gujarat Lions in the 2017 Indian Premier League and was named the ""Emerging player of the season""."
Mayank Markande,IND,MI,25,Bowling,20,,,,,,,,,,0.0,17.0,30.0,805.0,0.0,"Mayank Markande (born 11 November 1997) is an Indian cricketer who plays for Punjab in domestic cricket and Kolkata Knight Riders in the Indian Premier League. He made his international debut for the India cricket team in February 2019.
Markande comes from Patiala."
Shikhar Dhawan,IND,PK,37,Batting,203,6243.0,106.0,34.88,126.33,701.0,136.0,11.0,47.0,2.0,,,,,,
Liam Livingstone,ENG,PK,29,All rounder,23,549.0,70.0,27.45,166.87,38.0,40.0,0.0,4.0,0.0,0.0,6.0,35.83,8.96,0.0,
Jonny Bairstow,ENG,PK,33,Batting,39,1291.0,114.0,35.86,142.65,133.0,55.0,2.0,9.0,1.0,,,,,,
Jitesh Sharma,IND,PK,29,Batting,12,234.0,44.0,29.25,163.64,22.0,12.0,0.0,0.0,0.0,,,,,,Jitesh Mohan Sharma (born 22 October 1993) is an Indian cricketer who plays for the national team. He made his international debut against Nepal on 3 October 2023 during the 2022 Asian Games. He plays for Vidarbha in domestic cricket and Royal Challengers Bengaluru in the Indian Premier League.
Bhanuka Rajapaksa,SL,PK,31,Batting,9,206.0,43.0,22.89,159.69,16.0,13.0,0.0,0.0,0.0,,,,,,"Pramod Bhanuka Bandara Rajapaksa (born 24 October 1991), popularly known as Bhanuka Rajapaksa, is a professional Sri Lankan cricketer, who plays limited over internationals for the national team. He is a left-handed batsman who bowls right-arm medium. He was born in Colombo."
Mayank Agarwal,IND,PK,32,Batting,113,2331.0,106.0,22.63,134.51,227.0,91.0,7.0,12.0,1.0,,,,,,Mayank Anurag Agarwal (Hindi: [ˈmʌjʌnk ʌɡʌɾˈwaːl]; born 16 February 1991) is an Indian cricketer who plays as a right-handed opener. He captains his state Karnataka across all formats in domestic cricket. He made his international debut for the India cricket team on 26 December 2018 against Australia at the MCG. He currently plays for Royal Challengers Bengaluru in IPL from the 2025 season onwards.
Shahrukh Khan,IND,PK,27,Batting,19,270.0,47.0,19.29,121.62,13.0,19.0,2.0,0.0,0.0,,,,,,"Shah Rukh Khan (pronounced [ˈʃaːɦɾʊx xäːn] ; born as Shahrukh Khan on 2 November 1965), popularly known by the initials SRK, is an Indian actor and film producer renowned for his work in Hindi cinema. Referred to in the media as the ""Baadshah of Bollywood"" and ""King Khan"", he has appeared in more than 100 films and earned numerous accolades, including a National Film Award and 15 Filmfare Awards. He has been awarded the Padma Shri by the Government of India, as well as the Order of Arts and Letters and Legion of Honour by the Government of France."
Rahul Chahar,IND,PK,23,Bowling,55,,,,,,,,,,1.0,57.0,25.91,7.51,0.0,
Odean Smith,WI,PK,26,All rounder,6,51.0,25.0,17,115.91,1.0,5.0,1.0,0.0,0.0,0.0,6.0,29.66,11.86,0.0,
Kagiso Rabada,SA,PK,27,Bowling,63,,,,,,,,,,2.0,99.0,19.86,8.26,0.0,Kagiso Rabada (born 25 May 1995) is a South African international cricketer who plays all formats of the game. He is a right arm fast bowler. He made his international debut in November 2014 in limited-overs cricket before going on to make his Test debut in November 2015.
Rishi Dhawan,IND,PK,33,All rounder,32,190.0,25.0,21.11,108.57,17.0,6.0,1.0,0.0,0.0,1.0,24.0,33.17,7.93,0.0,Rishi Dhawan (born 19 February 1990) is an Indian cricketer who plays first-class and List A cricket for Himachal Pradesh. Dhawan is primarily a medium-fast bowling all-rounder who bats in the middle-order. Dhawan played for Kings XI Punjab in the 2008 IPL. He was signed up by the Mumbai Indians in 2013.
Harpreet Brar,IND,PK,27,All rounder,15,106.0,25.0,35.33,111.58,6.0,5.0,0.0,0.0,0.0,1.0,9.0,41.56,7.79,0.0,"Harpreet Brar (born 16 September 1995) is an Indian cricketer. He currently plays for the Punjab Kings in the Indian Premier League (IPL) and Punjab in Domestic Cricket.


== Early life ==
Brar was born into a Sikh family in Meerut, Uttar Pradesh, where his father served as a soldier and police officer."
Arshdeep Singh,IND,PK,24,Bowling,14,,,,,,,,,,1.0,40.0,26.35,8.35,1.0,"Arshdeep Singh (born 5 February 1999) is an  Indian professional cricketer who plays for the India national cricket team. In Indian domestic cricket, he plays for Punjab and for Punjab Kings in the Indian Premier League. Arshdeep is a left-arm medium-fast bowler."
Prabhsimran Singh,IND,PK,22,Batting,6,64.0,16.0,10.67,96.97,6.0,2.0,0.0,0.0,0.0,,,,,,"Prabhsimran Singh (born 10 August 2000) is an Indian cricketer. He plays for Punjab in domestic cricket and Punjab Kings in the Indian Premier League.


== Career ==
He made his List A debut for the India Emerging Team against the Afghanistan Emerging Team in the 2018 ACC Emerging Teams Asia Cup on 7 December 2018."
Rajangad Bawa,IND,PK,20,All rounder,2,11.0,11.0,5.5,78.57,1.0,0.0,1.0,0.0,0.0,,,,,,
Vaibhav Arora,IND,PK,25,Bowling,5,,,,,,,,,,0.0,3.0,54.66,9.19,0.0,"Vaibhav Gopal Arora (born 14 December 1997) is an Indian cricketer who plays for Himachal Pradesh in domestic cricket and Kolkata Knight Riders in the IPL.
Vaibhav  made his first-class debut on 9 December 2019, for Himachal Pradesh in the 2019–20 Ranji Trophy. He made his Twenty20 debut on 10 January 2021, for Himachal Pradesh in the 2020–21 Syed Mushtaq Ali Trophy.
In February 2021, Arora was bought by the Kolkata Knight Riders in the IPL auction ahead of the 2021 Indian Premier League."
Prerak Mankad,IND,PK,28,Batting,1,4.0,4.0,0,400.0,1.0,0.0,0.0,0.0,0.0,,,,,,"Prerak Mankad (born 23 April 1994) is an Indian cricketer who plays for Saurashtra.


== Cricketing Career ==
On 24 February 2016 he made his first-class debut in the final of the 2015–16 Ranji Trophy. He made his List A debut for Saurashtra in the 2016–17 Vijay Hazare Trophy on 25 February 2017."
Nathan Ellis,AUS,PK,28,Bowling,5,,,,,,,,,,0.0,4.0,36.25,8.53,0.0,Nathan Trevor Ellis (born 22 September 1994) is an Australian cricketer. He made his international debut for the Australia cricket team in August 2021. He made history when he became the first cricketer to take a hat-trick on his debut in a Twenty20 International (T20I) match.
Sandeep Sharma,IND,PK,29,Bowling,104,,,,,,,,,,8.0,114.0,26.33,7.77,0.0,Sandeep Sharma (born 18 May 1993) is an Indian cricketer who plays domestic cricket for Chandigarh and the Rajasthan Royals in the IPL. He is a right-arm medium pace bowler. Sharma has represented India at two Under-19 World Cups – 2010 and 2012. He was a key member of the Indian under-19 team which emerged as winners of the 2012 Under-19 Cricket World Cup.
Faf Du Plessis,SA,RCB,38,Batting,116,3403.0,96.0,34.37,130.58,314.0,109.0,7.0,25.0,0.0,,,,,,"François ""Faf"" du Plessis ( DOO-pless-ee; born 13 July 1984) is a South African professional cricketer and former captain of the  South Africa national cricket team. He is considered one of the greatest fielders of all time and among the best all-format batsmen of his era. He is also regarded as one of the most tactically astute and successful captains in all formats of modern cricket."
Virat Kohli,IND,RCB,34,Batting,223,6624.0,113.0,36.2,129.15,578.0,218.0,9.0,44.0,5.0,,,,,,"Virat Kohli (Hindi pronunciation: [ʋɪˈɾaːʈᵊ ˈkoːɦᵊliː] , born 5 November 1988) is an Indian international cricketer and the former captain of the Indian national cricket team. He is a right-handed batsman and an occasional medium-pace bowler. He currently represents Royal Challengers Bengaluru in the IPL and Delhi in domestic cricket."
Rajat Patidar,IND,RCB,29,Batting,12,404.0,112.0,40.4,144.29,30.0,21.0,0.0,2.0,1.0,,,,,,Rajat Patidar (born 1 June 1993) is an Indian international cricketer. He is a right-handed top order batter and an off-spin bowler. He made his international debut against South Africa in December 2023.
Dinesh Karthik,IND,RCB,37,Batting,229,4376.0,97.0,26.85,132.65,426.0,134.0,13.0,20.0,0.0,,,,,,"Krishnakumar Dinesh Karthik (born 1 June 1985) is a former Indian professional cricketer, coach, and commentator. Karthik played for the India national cricket team and also captained Tamil Nadu in domestic cricket. He is currently the mentor and batting coach for Royal Challengers Bengaluru in the IPL.
Karthik made his debut for the Indian cricket team in 2004."
Glenn Maxwell,AUS,RCB,34,All rounder,110,2309.0,95.0,25.48,153.88,197.0,127.0,12.0,13.0,0.0,1.0,28.0,38.57,8.24,0.0,"Glenn James Maxwell (born 14 October 1988) is an Australian professional cricketer who plays for the Australia national cricket team in Twenty20 Internationals. He previously played Test cricket and ODI cricket, winning 2 World Cups before his ODI retirement. Maxwell is an all-rounder who is known for his sometimes unorthodox batting and bowls right arm off-break deliveries."
Shahbaz Ahmed,IND,RCB,28,All rounder,29,279.0,45.0,18.6,118.72,18.0,11.0,0.0,0.0,0.0,0.0,13.0,36.31,8.58,0.0,Shahbaz Ahmed (born 11 December 1994) is an Indian international cricketer who plays for the Indian cricket team. He made his international debut on 9 October 2022. He plays for Lucknow Super Giants in the Indian Premier League and Bengal in domestic cricket.
Anuj Rawat,IND,RCB,23,Batting,10,129.0,66.0,14.33,108.4,10.0,7.0,4.0,1.0,0.0,,,,,,"Anuj Rawat (born 17 October 1999) is an Indian cricketer who represents Delhi in domestic cricket and Gujarat Titans  in Indian Premier League. He is a left-handed top order batsman and wicket-keeper.
He made his first-class debut for Delhi in the 2017–18 Ranji Trophy on 6 October 2017."
Mahipal Lomror,IND,RCB,23,All rounder,18,267.0,47.0,20.54,128.37,15.0,13.0,0.0,0.0,0.0,0.0,1.0,92.0,7.67,0.0,"Mahipal Krishan Lomror (born 16 November 1999) is an Indian cricketer who plays for Rajasthan in domestic cricket and Gujarat Titans in Indian Premier League. He is an all-rounder who bats left-handed and bowls slow left-arm orthodox.


== Career ==
Mahipal made his first-class debut for Rajasthan in the 2016–17 Ranji Trophy on 6 October 2016."
Suyash S Prabhudessai,IND,RCB,25,Batting,5,67.0,34.0,13.4,113.56,7.0,2.0,0.0,0.0,0.0,,,,,,"Suyash S Prabhudessai (born 6 December 1997) is an Indian cricketer from Goa who plays for Goa in domestic matches and previously for the Royal Challengers Bengaluru in the IPL.
He made his List A debut for Goa in the 2016–17 Vijay Hazare Trophy on 28 February 2017. He made his first-class debut for Goa in the 2018–19 Ranji Trophy on 20 November 2018. He made his Twenty20 debut for Goa in the 2018–19 Syed Mushtaq Ali Trophy on 22 February 2019."
Harshal Patel,IND,RCB,32,All rounder,78,230.0,36.0,10.45,129.21,15.0,13.0,6.0,0.0,0.0,2.0,97.0,22.87,8.4,1.0,"Harshal Patel (born 23 November 1990) is an Indian cricketer who has played for the country's national team in Twenty20 internationals (T20I). A right-arm medium pace bowler who bats right-handed, Patel made his  T20I debut against New Zealand on 19 November 2021. Patel has played for Gujarat and Haryana in domestic competitions."
Wanindu Hasaranga,SL,RCB,25,All rounder,18,39.0,18.0,4.88,86.67,4.0,1.0,3.0,0.0,0.0,1.0,26.0,18.85,7.78,1.0,"Pinnaduwage Wanindu Hasaranga de Silva (Sinhala: වනිඳු හසරංග, [ˈʋaniⁿd̪u ɦasəraŋgə]; born 29 July 1997), better known as Wanindu Hasaranga, is a professional Sri Lankan cricketer who currently plays limited over internationals and a former T20I captain. He plays for the Sri Lanka cricket team in white ball cricket as an All rounder.
Hasaranga made his international debut for Sri Lanka in July 2017."
Mohammed Siraj,IND,RCB,29,Bowling,65,,,,,,,,,,4.0,59.0,33.07,8.78,0.0,Mohammed Siraj (born 13 March 1994) is an Indian international cricketer who plays as a right-arm fast bowler for the India national team. He plays for Gujarat Titans in the Indian Premier League and Hyderabad in domestic cricket. He was a part of the squad which won the 2023 Asia Cup and was the Player of the Match in the final.
Josh Hazlewood,AUS,RCB,32,Bowling,24,,,,,,,,,,1.0,32.0,22.94,8.02,0.0,
David Willey,ENG,RCB,33,All rounder,7,18.0,18.0,9,60.0,3.0,0.0,1.0,0.0,0.0,0.0,3.0,55.67,7.95,0.0,David Jonathan Willey (born 28 February 1990) is an English former international cricketer. He is a left-handed batsman and bowler. He is the son of former England cricketer and international umpire Peter Willey.
Akash Deep,IND,RCB,26,Bowling,5,,,,,,,,,,1.0,5.0,41.0,10.88,0.0,"Akash Deep (Hindi: [aːkaːʃ d̪iːp]born 15 December 1996) is an Indian international cricketer. He plays as a right arm fast bowler and right handed lower order batter for the India national cricket team in International cricket, for the Bengal cricket team in domestic cricket, for the Lucknow Super Giants in the Indian Premier League and for the Servotech Siliguri Strikers in Bengal Pro T20 League. He was born in Dehri, Bihar and grew up in Kolkata, West Bengal."
Jos Buttler,ENG,RR,32,Batting,82,2831.0,124.0,39.87,149.71,277.0,135.0,1.0,15.0,5.0,,,,,,
Sanju Samson,IND,RR,28,Batting,138,3526.0,119.0,29.14,135.72,279.0,158.0,8.0,17.0,3.0,,,,,,
Devdutt Padikkal,IND,RR,22,Batting,46,1260.0,101.0,28,124.38,135.0,36.0,3.0,7.0,1.0,,,,,,Devdutt Padikkal (Malayalam: [d̪eːʋd̪at̪ paɖikːal]; born 7 July 2000) is an Indian cricketer. He made his international debut in July 2021 in a T20I against Sri Lanka and test debut in March 2024 against England. He plays for Karnataka in domestic cricket and Royal Challengers Bangalore in the Indian Premier League.
Shimron Hetmyer,WI,RR,26,Batting,46,831.0,75.0,30.78,152.2,55.0,52.0,1.0,3.0,0.0,,,,,,Shimron Odilon Hetmyer (born 26 December 1996) is a Guyanese cricketer who plays as a top order batsman for the West Indies cricket team. Hetmyer captained the Windies to win the 2016 Under-19 Cricket World Cup. During 2018 the International Cricket Council (ICC) named Hetmyer as one of the five breakout stars in men's cricket.
Yashasvi Jaiswal,IND,RR,21,Batting,23,547.0,68.0,23.78,134.73,62.0,22.0,2.0,3.0,0.0,,,,,,"Yashasvi Bhupendra Kumar Jaiswal (Hindi: [jʌʃʌˈsʋiː ˈdʒɛːswaːl]; born 28 December 2001) is an Indian international cricketer who plays for the India national team in all three formats. He made his international debut in the first Test against the West Indies in July 2023, scoring a century in his first innings in Test cricket. He plays for Mumbai in domestic cricket and Rajasthan Royals in the Indian Premier League."
Ravichandran Ashwin,IND,RR,36,All rounder,184,647.0,50.0,13.48,117.64,51.0,21.0,9.0,1.0,0.0,4.0,157.0,28.88,6.98,0.0,"Ravichandran Ashwin (Tamil: [ɾaʋitɕand̪iɾan aɕʋin]; ) (born 17 September 1986) is an Indian cricketer. He is a right-arm off spin bowler and a lower order batter. Widely regarded as one of the most prolific spinners of all time, he represented the Indian cricket team and was part of the Indian team that won the 2011 Cricket World Cup and the 2013 Champions Trophy."
Riyan Parag,IND,RR,21,All rounder,47,522.0,56.0,16.84,124.88,40.0,22.0,3.0,2.0,0.0,0.0,4.0,70.0,10.7,0.0,"Riyan Parag Das (born 10 November 2001) is an Indian international cricketer who plays for the India national team. He is a batting all rounder, who bats right-handed in the middle-order and bowls both right-arm leg spin and off spin. He was a part of the team that won the 2018 U19 World Cup."
Trent Boult,NZ,RR,33,Bowling,78,,,,,,,,,,8.0,92.0,26.9,8.3,0.0,
Daryl Mitchell,NZ,RR,31,All rounder,2,33.0,17.0,16.5,75.0,1.0,0.0,0.0,0.0,0.0,0.0,0.0,0.0,13.5,0.0,"Daryl ""Chill"" Mitchell (born July 16, 1965) is an American actor and former rapper. He is known for such roles as Dexter Wilson on The John Larroquette Show, Tommy Webber in Galaxy Quest, Leo Michaels on Veronica's Closet, Eli Goggins III on Ed, Patton Plame on NCIS: New Orleans, and Stitch in Shifting Gears. For his performance in the sitcom Brothers, Mitchell won the NAACP Image Award for Outstanding Actor in a Comedy Series."
James Neesham,NZ,RR,32,All rounder,14,92.0,22.0,10.22,98.92,6.0,2.0,2.0,0.0,2.0,0.0,8.0,41.75,9.28,0.0,
Rassie van der Dussen,SA,RR,34,Batting,3,22.0,12.0,11,91.67,2.0,0.0,0.0,0.0,0.0,,,,,,"Hendrik Erasmus ""Rassie"" van der Dussen (born 7 February 1989) is a South African professional cricketer who represents the South Africa national cricket team and plays for Gauteng in domestic cricket. In the 2018 South African Cricket Annual, he was named as one of the five Cricketers of the Year.
In August 2019, van der Dussen was named the International Men's Newcomer of the Year at Cricket South Africa's annual award ceremony."
Karun Nair,IND,RR,31,Batting,76,1496.0,83.0,23.75,127.75,161.0,39.0,3.0,10.0,0.0,,,,,,Karun Kaladharan Nair (born 6 December 1991) is an Indian international cricketer. He is a right-handed top order batter and occasional off break bowler. He is the  second Indian batter to score a triple century in Test cricket.
Obed McCoy,WI,RR,26,Bowling,7,,,,,,,,,,0.0,11.0,21.54,9.17,0.0,"Obed Christopher McCoy (born 4 January 1997) is a Vincentian professional cricketer who plays for the West Indies cricket team internationally. He made his international debut for the West Indies in October 2018.


== Domestic and T20 career ==
He made his List A debut for the West Indies Under-19s in the 2016–17 Regional Super50 on 25 January 2017."
Prasidh Krishna,IND,RR,27,Bowling,51,,,,,,,,,,3.0,49.0,34.76,8.92,0.0,Muralikrishna Prasidh Krishna (Kannada: [pɾasid̪ʰː kɾiʂɳaː]; born 19 February 1996) is an Indian international cricketer who plays for the Indian national cricket team. He plays for Karnataka in domestic cricket and Gujarat Titans in the Indian Premier League. He is a right-arm fast-medium bowler.
Yuzvendra Chahal,IND,RR,32,Bowling,131,,,,,,,,,,4.0,166.0,21.83,7.61,1.0,"Yuzvendra Chahal (born 23 July 1990) is an Indian international cricketer who plays for the India national cricket team in white ball cricket as a leg spin bowler. He also represents Haryana in domestic cricket, Punjab Kings in the Indian Premier League, and Northamptonshire in County Championship.
Chahal was the second player, and first Indian, to take a 6 wicket haul in T20I history."
Navdeep Saini,IND,RR,30,Bowling,30,,,,,,,,,,1.0,20.0,45.0,8.68,0.0,Navdeep Amarjeet Saini (Hindi: [nʌʋˈd̪eːp ˈsɛːniː]; born 23 November 1992) is an Indian cricketer who represented his country in all three international formats between 2019 and 2021. He has played for Delhi in domestic cricket since 2013 and has appeared in the Indian Premier League (IPL). He made his international debut for the India cricket team in August 2019.
Nathan Coulter-Nile,AUS,RR,35,Bowling,39,,,,,,,,,,1.0,48.0,22.98,7.7,0.0,"Nathan Mitchell Coulter-Nile (born 11 October 1987) is an Australian cricketer who has played at One Day International (ODI) and Twenty20 International level for the Australian national side. Domestically, he is contracted to Western Australia and the Melbourne Stars.
From Perth, Western Australia, Coulter-Nile attended Aquinas College, and represented the state under-17 and under-19 teams, later going on to play three youth ODI matches for the Australian national under-19 team."
Kuldeep Sen,IND,RR,26,Bowling,7,,,,,,,,,,0.0,8.0,29.62,9.41,0.0,
Abhishek Sharma,IND,SRH,22,All rounder,36,667.0,75.0,23.82,135.29,64.0,25.0,1.0,22.0,0.0,0.0,7.0,30.57,8.23,0.0,"Abhishek Sharma (born 4 September 2000) is an Indian cricketer who plays for the India national team. He plays as a left-handed opening batter as well as a left-arm orthodox spinner. In domestic cricket, he represents Punjab and in the Indian Premier League, he plays for Sunrisers Hyderabad."
Rahul Tripathi,IND,SRH,32,Batting,76,1798.0,93.0,27.66,140.8,176.0,68.0,3.0,10.0,0.0,,,,,,Rahul Ajay Tripathi (born 2 March 1991) is an Indian international cricketer. He made his debut for Indian cricket team in January 2023 against Sri Lanka. He also plays for Maharashtra in domestic cricket and Chennai Super Kings in the Indian Premier League.
Aiden Markram,SA,SRH,28,All rounder,20,527.0,68.0,40.54,134.1,37.0,23.0,0.0,3.0,0.0,0.0,1.0,87.0,8.7,0.0,
Nicholas Pooran,WI,SRH,27,Batting,47,912.0,77.0,26.06,151.24,51.0,65.0,6.0,4.0,0.0,,,,,,
Kane Williamson,NZ,SRH,32,Batting,76,2101.0,89.0,36.22,126.03,181.0,64.0,2.0,18.0,0.0,,,,,,
Washington Sundar,IND,SRH,23,All rounder,51,318.0,40.0,14.45,120.45,26.0,9.0,1.0,0.0,0.0,1.0,33.0,33.52,7.23,0.0,"Washington Sundar (Tamil: [sun̪d̪aɾ]; born 5 October 1999) is an Indian cricketer. An all-rounder who bats left-handed and bowls right-arm off-spin, he plays for Tamil Nadu in domestic cricket and Gujarat Titans in the Indian Premier League. He made his debut for the Indian cricket team in 2017 against Sri Lanka."
Shashank Singh,IND,SRH,31,Batting,10,69.0,25.0,17.25,146.81,5.0,4.0,0.0,0.0,0.0,,,,,,"Shashank Singh (born 21 November 1991) is an Indian cricketer who plays for Punjab Kings. He is a right-handed batsman, as well as a right-arm offbreak bowler.


== Career ==
Shashank played club village cricket in the north east of England for Boldon CACC. He impressed heavily in the local region, and showed great potential."
Romario Shepherd,WI,SRH,28,All rounder,3,58.0,26.0,29,141.46,2.0,5.0,0.0,0.0,0.0,0.0,3.0,32.66,10.88,0.0,"Romario Shepherd (born 26 November 1994) is a Guyanese cricketer who plays for Guyana in domestic cricket and for West Indies in international cricket. He made his international debut for West Indies in November 2019.


== Domestic and franchise career ==
A right-arm fast bowler, Shepherd made his List A debut for Guyana in January 2016, playing against the Leeward Islands in the 2015–16 Regional Super50."
Priyam Garg,IND,SRH,22,Batting,21,215.0,51.0,15.69,115.14,15.0,9.0,2.0,1.0,0.0,,,,,,Priyam Garg (born 30 November 2000) is an Indian cricketer. He plays for Uttar Pradesh ranji team. He made his List A debut for Uttar Pradesh in the 2018–19 Vijay Hazare Trophy on 19 September 2018.
Bhuvneshwar Kumar,IND,SRH,33,Bowling,146,,,,,,,,,,11.0,154.0,25.79,7.3,1.0,"Bhuvneshwar Kumar Singh (born 5 February 1990) is an Indian cricketer who has played for the Indian cricket team in all three formats of the game. He plays for Royal Challengers Bangalore in the Indian Premier League and Uttar Pradesh in domestic cricket. A right-arm medium bowler, he is known for his ability to effectively swing the ball both ways at will."
Shreyas Gopal,IND,SRH,29,All rounder,49,180.0,24.0,12.86,106.15,19.0,2.0,4.0,0.0,0.0,1.0,49.0,26.14,8.1,0.0,"Ramaswamy Shreyas Gopal (born 4 September 1993) is an Indian cricketer who plays for Karnataka in domestic cricket.[1] He is an all-rounder who bats right-handed, and bowls leg break. He played three ODIs for India Under-19 cricket team in 2011. He had captained Karnataka at various age levels such as Under-13, Under-15, Under-16 and Under-19."
Marco Jansen,SA,SRH,22,All rounder,10,9.0,8.0,3,90.0,0.0,1.0,2.0,0.0,0.0,0.0,9.0,35.44,8.39,0.0,
Sean Abbott,AUS,SRH,31,All rounder,3,22.0,14.0,7.33,122.22,1.0,2.0,0.0,0.0,0.0,0.0,1.0,104.0,11.56,0.0,"Sean Anthony Abbott (born 29 February 1992) is an Australian international cricketer who represents the Australia national cricket team in ODI and T20I cricket as a bowling all-rounder who bats right-handed. He was a part of the Australian squad which won the 2023 Cricket World Cup.


== Early life ==
Abbott is originally from Windsor, New South Wales."
Kartik Tyagi,IND,SRH,22,Bowling,16,,,,,,,,,,0.0,14.0,40.71,9.47,0.0,"Kartik Tyagi (born 8 November 2000) is an Indian cricketer. He plays for Uttar Pradesh in domestic cricket. He made his first-class debut for Uttar Pradesh in the 2017–18 Ranji Trophy on 6 October 2017, a month before he turned 17."
Abdul Samad,IND,SRH,21,All rounder,25,226.0,33.0,14.12,142.14,12.0,14.0,2.0,0.0,0.0,0.0,2.0,56.5,12.56,0.0,"Sahal Abdul Samad (born 1 April 1997) is an Indian professional footballer who plays as a midfielder for Indian Super League club Mohun Bagan Super Giant and the India national team.


== Club career ==


=== Early life and youth career ===
Sahal was born in Al Ain, UAE, to Malayali parents from Kerala, India and completed his 14 years of schooling at New Indian Model School in Al Ain. He started to play football at the age of eight."
Umran Malik,IND,SRH,23,Bowling,17,,,,,,,,,,1.0,24.0,22.5,8.83,1.0,
Fazalhaq Farooqi,AFG,SRH,22,Bowling,3,,,,,,,,,,0.0,2.0,55.0,9.16,0.0,"Fazalhaq Farooqi (born 22 September 2000) is an Afghan international cricketer who plays for the national team in limited-overs cricket. Farooqi made his international debut for the Afghanistan cricket team in March 2021. In franchise leagues, he has played for Rajasthan Royals in the Indian Premier League (IPL) and Dhaka Dominators in the Bangladesh Premier League (BPL)."
Jagadeesha Suchith,IND,SRH,29,All rounder,22,70.0,34.0,17.5,114.75,6.0,3.0,1.0,0.0,0.0,0.0,19.0,31.68,8.6,0.0,"Jagadeesha Suchith (born 16 January 1994) is an Indian cricketer who plays for Nagaland having previously represented Karnataka. A left-handed batsman and slow left-arm orthodox bowler, Suchith has also played in the Indian Premier League.


== Career ==
Suchith played for various age-group teams for Karnataka such as Under-15s, Under-16s, Under-19s, Under-22s, Under-23s and Under-25s, as well as the South Zone Under-19 team."
T Natarajan,IND,SRH,31,Bowling,35,,,,,,,,,,1.0,38.0,28.79,8.65,0.0,Thangarasu Natarajan (born 4 April 1991) is an Indian international cricketer. He made his debut for the India cricket team in December 2020. Currently he plays for Delhi Capitals in the Indian Premier League (IPL) and for Tamil Nadu in domestic cricket.
